firstName,lastName,email,Dob
mark,lamar,mark@gmail.com,2000-01-01'T'00:00:00.000
jack,mack,jack@gmail.com,1999-01-01'T'00:00:00.000
Fang,Mang,fang@gmail.com,1990-01-01'T'00:00:00.000
Shack,Oneal,shack@email.com,1980-01-01'T'00:00:00.000
Marry,Farry,marry@email.com,1979-01-01'T'00:00:00.000
Spider,Man,spider@email.com,1995-01-01'T'00:00:00.000
Bat,Man,bat@email.com,2005-01-01'T'00:00:00.000
Super,Man,superman@email.com,1950-01-01'T'00:00:00.000
Johny,Papa,johny@email.com,1977-01-01'T'00:00:00.000